<?xml version="1.0"?>
<!--
/**
 * Recent Order Notification
 * @author      Trinh Doan
 * @copyright   Copyright (c) 2017 Trinh Doan
 * @package     TD_SoldNotification
 */
-->
<config xmlns:xsi="http://www.w3.org/2001/XMLSchema-instance" xsi:noNamespaceSchemaLocation="urn:magento:module:Magento_Config:etc/system_file.xsd">
    <system>
        <section id="sold_notification" translate="label" sortOrder="2000" showInDefault="1" showInWebsite="1" showInStore="1">
            <class>separator-top</class>
            <label>Recent Order Notification</label>
            <tab>sales</tab>
            <resource>TD_SoldNotification::config_soldnotification</resource>
            <group id="general" translate="label" sortOrder="1" type="text" showInDefault="1" showInWebsite="1" showInStore="1">
                <label>General Setting</label>
                <field id="active" translate="label" type="select" sortOrder="10" showInDefault="1" showInWebsite="1" showInStore="1">
                    <label>Enabled</label>
                    <source_model>Magento\Config\Model\Config\Source\Yesno</source_model>
                </field>
            </group>
            <group id="order" translate="label" sortOrder="5" type="text" showInDefault="1" showInWebsite="1" showInStore="1">
                <label>Order Setting</label>
                <field id="use_fake_order" translate="label" type="select" sortOrder="30" showInDefault="1" showInWebsite="1" showInStore="1">
                    <label>Use Fake Orders</label>
                    <source_model>Magento\Config\Model\Config\Source\Yesno</source_model>
                </field>

                <field id="use_fake_time" translate="label" type="select" sortOrder="35" showInDefault="1" showInWebsite="1" showInStore="1">
                    <label>Use Fake Time</label>
                    <source_model>Magento\Config\Model\Config\Source\Yesno</source_model>
                    <depends><field id="use_fake_order">0</field></depends>
                    <comment><![CDATA[Apply when use real orders]]></comment>
                </field>
                <field id="fake_time" translate="label" type="text" sortOrder="36" showInDefault="1" showInWebsite="1" showInStore="1">
                    <label>Fake Time</label>
                    <depends><field id="use_fake_time">1</field></depends>
                    <comment><![CDATA[a few seconds ago, a few minutes ago, 5 minutes ago. Note: Apply when use real orders]]></comment>
                </field>


                <field id="fake_product" translate="label" type="text" sortOrder="40" showInDefault="1" showInWebsite="1" showInStore="1">
                    <label>Fake Order Product Id</label>
                    <depends><field id="use_fake_order">1</field></depends>
                    <comment><![CDATA[Product Ids: 6,8]]></comment>
                </field>
                <field id="fake_address" translate="label" type="textarea" sortOrder="50" showInDefault="1" showInWebsite="1" showInStore="1">
                    <label>Fake Order Shipping Address</label>
                    <depends><field id="use_fake_order">1</field></depends>
                    <comment><![CDATA[Sydney, New South Wave, Australia<br>
                                    Ekwork, Alasca, USA]]></comment>
                </field>
                <field id="fake_order_time" translate="label" type="text" sortOrder="60" showInDefault="1" showInWebsite="1" showInStore="1">
                    <label>Fake Order Time</label>
                    <depends><field id="use_fake_order">1</field></depends>
                    <comment><![CDATA[a few seconds ago, a few minutes ago, 5 minutes ago]]></comment>
                </field>

                <field id="order_status" translate="label" type="multiselect" sortOrder="70" showInDefault="1" showInWebsite="1" showInStore="1">
                    <label>Select Order Status</label>
                    <source_model>Magento\Sales\Model\Config\Source\Order\Status</source_model>
                    <depends><field id="use_fake_order">0</field></depends>
                </field>
                <field id="limit_last_order" translate="label" type="text" sortOrder="80" showInDefault="1" showInWebsite="1" showInStore="1">
                    <label>Limit Last Orders</label>
                    <depends><field id="use_fake_order">0</field></depends>
                    <comment><![CDATA[Number of the last orders. Apply when using actual orders]]></comment>
                </field>
                <field id="random_order" translate="label" type="select" sortOrder="90" showInDefault="1" showInWebsite="1" showInStore="1">
                    <label>Random Orders</label>
                    <source_model>Magento\Config\Model\Config\Source\Yesno</source_model>
                    <depends><field id="use_fake_order">0</field></depends>
                    <comment><![CDATA[Apply when using actual orders]]></comment>
                </field>
            </group>
            <group id="design" translate="label" sortOrder="10" type="text" showInDefault="1" showInWebsite="1" showInStore="1">
                <label>Design Setting</label>
                <field id="background_color" translate="label" type="text" sortOrder="10" showInDefault="1" showInWebsite="1" showInStore="1">
                    <label>Background Color</label>
                    <comment><![CDATA[Background color]]></comment>
                    <frontend_model>TD\SoldNotification\Block\Color</frontend_model>
                </field>
                <field id="text_color" translate="label" type="text" sortOrder="20" showInDefault="1" showInWebsite="1" showInStore="1">
                    <label>Text Color</label>
                    <comment><![CDATA[Text color]]></comment>
                    <frontend_model>TD\SoldNotification\Block\Color</frontend_model>
                </field>
                <field id="highligh_color" translate="label" type="text" sortOrder="30" showInDefault="1" showInWebsite="1" showInStore="1">
                    <label>Product Link Color</label>
                    <comment><![CDATA[Product Link color]]></comment>
                    <frontend_model>TD\SoldNotification\Block\Color</frontend_model>
                </field>
                <field id="position" translate="label" type="select" sortOrder="40" showInDefault="1" showInWebsite="1" showInStore="1">
                    <label>Position</label>
                    <source_model>TD\SoldNotification\Model\Config\Source\Position</source_model>
                </field>
                <field id="effect" translate="label" type="select" sortOrder="50" showInDefault="1" showInWebsite="1" showInStore="1">
                    <label>Animation Effect</label>
                    <source_model>TD\SoldNotification\Model\Config\Source\Effect</source_model>
                </field>
                <field id="message_template" translate="label" type="textarea" sortOrder="60" showInDefault="1" showInWebsite="1" showInStore="1">
                    <label>Message Template</label>
                    <comment><![CDATA[You can update/add notification text.<br> Short code: <br/> <b>
                    [city] - Order Shipping City <br>
                    [region] - Order Shipping Region/State <br>
                    [country] - Order Shipping Country <br>
                    [product_link] - Ordered Product Link <br>
                    [shipping_address] - Ordered Shipping Address for Fake Orders <br>
                    [ordered_time] - Time when order was placed.
                    </b> ]]></comment>
                </field>
                <field id="url_campaign" translate="label" type="text" sortOrder="70" showInDefault="1" showInWebsite="1" showInStore="1">
                    <label>Google Analytics UTM Paramater URL</label>
                    <comment><![CDATA[Example: ?utm_source=tsstore&utm_medium=popup&utm_campaign=recent-order-popup]]></comment>
                </field>
                <field id="disable_mobile" translate="label" type="select" sortOrder="80" showInDefault="1" showInWebsite="1" showInStore="1">
                    <label>Disable On Mobile</label>
                    <source_model>Magento\Config\Model\Config\Source\Yesno</source_model>
                </field>
                <field id="max_width" translate="label" type="text" sortOrder="90" showInDefault="1" showInWebsite="1" showInStore="1">
                    <label>Max Width</label>
                    <depends><field id="disable_mobile">1</field></depends>
                    <comment><![CDATA[Default value: 768. Unit: px]]></comment>
                </field>
                <field id="custom_css" translate="label" type="textarea" sortOrder="100" showInDefault="1" showInWebsite="1" showInStore="1">
                    <label>Custom CSS</label>
                    <comment><![CDATA[You can add your custom css at here]]></comment>
                </field>
            </group>
            <group id="time" translate="label" sortOrder="20" type="text" showInDefault="1" showInWebsite="1" showInStore="1">
                <label>Time Setting</label>
                <field id="time_display" translate="label" type="text" sortOrder="10" showInDefault="1" showInWebsite="1" showInStore="1">
                    <label>Time display</label>
                    <comment><![CDATA[Notification will disappear after x seconds]]></comment>
                </field>
                <field id="time_delay" translate="label" type="text" sortOrder="20" showInDefault="1" showInWebsite="1" showInStore="1">
                    <label>Time Delay</label>
                    <comment><![CDATA[Next notification will appear after x seconds]]></comment>
                </field>
            </group>
            <group id="exclude_page" translate="label" sortOrder="30" type="text" showInDefault="1" showInWebsite="1" showInStore="1">
                <label>Exclude Page Setting</label>
                <field id="homepage" translate="label" type="select" sortOrder="10" showInDefault="1" showInWebsite="1" showInStore="1">
                    <label>Home Page</label>
                    <source_model>Magento\Config\Model\Config\Source\Yesno</source_model>
                    <comment><![CDATA[Choose Yes to hidden the notification on Home page]]></comment>
                </field>
                <field id="checkout" translate="label" type="select" sortOrder="20" showInDefault="1" showInWebsite="1" showInStore="1">
                    <label>Checkout Page</label>
                    <source_model>Magento\Config\Model\Config\Source\Yesno</source_model>
                    <comment><![CDATA[Choose Yes to hidden the notification on Home page]]></comment>
                </field>
                <field id="shoppingcart" translate="label" type="select" sortOrder="30" showInDefault="1" showInWebsite="1" showInStore="1">
                    <label>Shopping Page</label>
                    <source_model>Magento\Config\Model\Config\Source\Yesno</source_model>
                    <comment><![CDATA[Choose Yes to hidden the notification on Home page]]></comment>
                </field>
                <field id="skus" translate="label" type="text" sortOrder="40" showInDefault="1" showInWebsite="1" showInStore="1">
                    <label>Exclude Product SKUs</label>
                    <comment><![CDATA[Input product SKUs that you want to exclude from the popup promotion. Example: sku-1, sku-2]]></comment>
                </field>
            </group>
        </section>
    </system>
</config>